date,rate
2019-01-02,-0.331
2019-01-03,-0.324
2019-01-04,-0.325
2019-01-07,-0.32
2019-01-08,-0.315
2019-01-09,-0.315
2019-01-10,-0.322
2019-01-11,-0.322
2019-01-14,-0.319
2019-01-15,-0.326
2019-01-16,-0.331
2019-01-17,-0.325
2019-01-18,-0.327
2019-01-21,-0.333
2019-01-22,-0.341
2019-01-23,-0.344
2019-01-24,-0.342
2019-01-25,-0.343
2019-01-28,-0.347
2019-01-29,-0.354
2019-01-30,-0.354
2019-01-31,-0.352
2019-02-01,-0.364
2019-02-04,-0.373
2019-02-05,-0.369
2019-02-06,-0.37
2019-02-07,-0.372
2019-02-08,-0.374
2019-02-11,-0.378
2019-02-12,-0.38
2019-02-13,-0.376
2019-02-14,-0.367
2019-02-15,-0.362
2019-02-18,-0.36
2019-02-19,-0.35
2019-02-20,-0.254
2019-02-21,-0.251
2019-02-22,-0.252
2019-02-25,-0.26
2019-02-26,-0.268
2019-02-27,-0.269
2019-02-28,-0.274
2019-03-01,-0.298
2019-03-04,-0.31
2019-03-05,-0.333
2019-03-06,-0.345
2019-03-07,-0.344
2019-03-08,-0.138
2019-03-11,-0.152
2019-03-12,-0.156
2019-03-13,-0.161
2019-03-14,-0.163
2019-03-15,-0.176
2019-03-18,-0.192
2019-03-19,-0.209
2019-03-20,-0.217
2019-03-21,-0.222
2019-03-22,-0.221
2019-03-25,-0.229
2019-03-26,-0.224
2019-03-27,-0.219
2019-03-28,-0.224
2019-03-29,-0.229
2019-04-01,-0.233
2019-04-02,-0.237
2019-04-03,-0.229
2019-04-04,-0.234
2019-04-05,-0.237
2019-04-08,-0.238
2019-04-09,-0.235
2019-04-10,-0.255
2019-04-11,-0.26
2019-04-12,-0.273
2019-04-15,-0.278
2019-04-16,-0.276
2019-04-17,-0.284
2019-04-18,-0.282
2019-04-19,-0.287
2019-04-22,-0.292
2019-04-23,-0.292
2019-04-24,-0.3
2019-04-25,-0.316
2019-04-26,-0.324
2019-04-29,-0.331
2019-04-30,-0.338
2019-05-01,-0.342
2019-05-02,-0.339
2019-05-03,-0.335
2019-05-06,-0.333
2019-05-07,-0.335
2019-05-08,-0.329
2019-05-09,-0.322
2019-05-10,-0.321
2019-05-13,-0.317
2019-05-14,-0.318
2019-05-15,-0.318
2019-05-16,-0.32
2019-05-17,-0.325
2019-05-20,-0.334
2019-05-21,-0.336
2019-05-22,-0.326
2019-05-23,-0.323
2019-05-24,-0.326
2019-05-27,-0.331
2019-05-28,-0.345
2019-05-29,-0.345
2019-05-30,-0.353
2019-05-31,-0.358
2019-06-03,-0.356
2019-06-04,-0.366
2019-06-05,-0.374
2019-06-06,-0.382
2019-06-07,-0.387
2019-06-10,-0.375
2019-06-11,-0.375
2019-06-12,-0.379
2019-06-13,-0.374
2019-06-14,-0.377
2019-06-17,-0.401
2019-06-18,-0.41
2019-06-19,-0.416
2019-06-20,-0.414
2019-06-21,-0.417
2019-06-24,-0.421
2019-06-25,-0.42
2019-06-26,-0.407
2019-06-27,-0.39
2019-06-28,-0.373
2019-07-01,-0.367
2019-07-02,-0.365
2019-07-03,-0.352
2019-07-04,-0.354
2019-07-05,-0.348
2019-07-08,-0.345
2019-07-09,-0.34
2019-07-10,-0.339
2019-07-11,-0.337
2019-07-12,-0.344
2019-07-15,-0.346
2019-07-16,-0.347
2019-07-17,-0.354
2019-07-18,-0.367
2019-07-19,-0.375
2019-07-22,-0.369
2019-07-23,-0.367
2019-07-24,-0.366
2019-07-25,-0.357
2019-07-26,-0.348
2019-07-29,-0.34
2019-07-30,-0.339
2019-07-31,-0.34
2019-08-01,-0.334
2019-08-02,-0.338
2019-08-05,-0.328
2019-08-06,-0.327
2019-08-07,-0.324
2019-08-08,-0.326
2019-08-09,-0.325
2019-08-12,-0.325
2019-08-13,-0.328
2019-08-14,-0.328
2019-08-15,-0.322
2019-08-16,-0.311
2019-08-19,-0.307
2019-08-20,-0.32
2019-08-21,-0.33
2019-08-22,-0.339
2019-08-23,-0.342
2019-08-26,-0.341
2019-08-27,-0.346
2019-08-28,-0.354
2019-08-29,-0.362
2019-08-30,-0.376
2019-09-02,-0.391
2019-09-03,-0.396
2019-09-04,-0.341
2019-09-05,-0.331
2019-09-06,-0.336
2019-09-09,-0.333
2019-09-10,-0.326
2019-09-11,-0.316
2019-09-12,-0.314
2019-09-13,-0.32
2019-09-16,-0.328
2019-09-17,-0.333
2019-09-18,-0.336
2019-09-19,-0.336
2019-09-20,-0.325
2019-09-23,-0.322
2019-09-24,-0.31
2019-09-25,-0.302
2019-09-26,-0.276
2019-09-27,-0.266
2019-09-30,-0.264
2019-10-01,-0.255
2019-10-02,-0.266
2019-10-03,-0.268
2019-10-04,-0.277
2019-10-07,-0.306
2019-10-08,-0.328
2019-10-09,-0.333
2019-10-10,-0.348
2019-10-11,-0.19
2019-10-14,-0.208
2019-10-15,-0.215
2019-10-16,-0.228
2019-10-17,-0.239
2019-10-18,-0.246
2019-10-21,-0.251
2019-10-22,-0.253
2019-10-23,-0.256
2019-10-24,-0.254
2019-10-25,-0.247
2019-10-28,-0.246
2019-10-29,-0.235
2019-10-30,-0.228
2019-10-31,-0.219
2019-11-01,-0.215
2019-11-04,-0.209
2019-11-05,-0.205
2019-11-06,-0.206
2019-11-07,-0.204
2019-11-08,-0.206
2019-11-11,-0.21
2019-11-12,-0.211
2019-11-13,-0.209
2019-11-14,-0.214
2019-11-15,-0.231
2019-11-18,-0.232
2019-11-19,-0.243
2019-11-20,-0.246
2019-11-21,-0.254
2019-11-22,-0.267
2019-11-25,-0.291
2019-11-26,-0.306
2019-11-27,-0.317
2019-11-28,-0.322
2019-11-29,-0.259
2019-12-02,-0.275
2019-12-03,-0.269
2019-12-04,-0.271
2019-12-05,-0.28
2019-12-06,-0.301
2019-12-09,-0.306
2019-12-10,-0.321
2019-12-11,-0.333
2019-12-12,-0.334
2019-12-13,-0.34
2019-12-16,-0.341
2019-12-17,-0.342
2019-12-18,-0.34
2019-12-19,-0.337
2019-12-20,-0.34
2019-12-23,-0.343
2019-12-24,-0.336
2019-12-25,-0.336
2019-12-26,-0.334
2019-12-27,-0.331
2019-12-30,-0.329
2019-12-31,-0.335
2020-01-01,-0.335
2020-01-02,-0.342
2020-01-03,-0.348
2020-01-06,-0.348
2020-01-07,-0.349
2020-01-08,-0.36
2020-01-09,-0.365
2020-01-10,-0.362
2020-01-13,-0.375
2020-01-14,-0.373
2020-01-15,-0.367
2020-01-16,-0.363
2020-01-17,-0.371
2020-01-20,-0.383
2020-01-21,-0.394
2020-01-22,-0.408
2020-01-23,-0.415
2020-01-24,-0.416
2020-01-27,-0.42
2020-01-28,-0.431
2020-01-29,-0.435
2020-01-30,-0.444
2020-01-31,-0.437
2020-02-03,-0.431
2020-02-04,-0.429
2020-02-05,-0.43
2020-02-06,-0.438
2020-02-07,-0.438
2020-02-10,-0.447
2020-02-11,-0.454
2020-02-12,-0.46
2020-02-13,-0.463
2020-02-14,-0.469
2020-02-17,-0.47
2020-02-18,-0.473
2020-02-19,-0.412
2020-02-20,-0.412
2020-02-21,-0.405
2020-02-24,-0.405
2020-02-25,-0.399
2020-02-26,-0.404
2020-02-27,-0.408
2020-02-28,-0.403
2020-03-02,-0.398
2020-03-03,-0.412
2020-03-04,-0.409
2020-03-05,-0.423
2020-03-06,-0.438
2020-03-09,-0.455
2020-03-10,-0.478
2020-03-11,-0.499
2020-03-12,-0.232
2020-03-13,-0.308
2020-03-16,-0.379
2020-03-17,-0.438
2020-03-18,-0.475
2020-03-19,-0.493
2020-03-20,-0.51
2020-03-23,-0.532
2020-03-24,-0.546
2020-03-25,-0.559
2020-03-26,-0.581
2020-03-27,-0.597
2020-03-30,-0.61
2020-03-31,-0.633
2020-04-01,-0.641
2020-04-02,-0.641
2020-04-03,-0.645
2020-04-06,-0.644
2020-04-07,-0.652
2020-04-08,-0.665
2020-04-09,-0.662
2020-04-10,-0.663
2020-04-13,-0.672
2020-04-14,-0.683
2020-04-15,-0.684
2020-04-16,-0.68
2020-04-17,-0.682
2020-04-20,-0.68
2020-04-21,-0.673
2020-04-22,-0.676
2020-04-23,-0.686
2020-04-24,-0.694
2020-04-27,-0.71
2020-04-28,-0.723
2020-04-29,-0.729
2020-04-30,-0.74
2020-05-01,-0.735
2020-05-04,-0.749
2020-05-05,-0.746
2020-05-06,-0.741
2020-05-07,-0.742
2020-05-08,-0.739
2020-05-11,-0.726
2020-05-12,-0.731
2020-05-13,-0.727
2020-05-14,-0.727
2020-05-15,-0.729
2020-05-18,-0.737
2020-05-19,-0.729
2020-05-20,-0.72
2020-05-21,-0.711
2020-05-22,-0.706
2020-05-25,-0.693
2020-05-26,-0.684
2020-05-27,-0.681
2020-05-28,-0.681
2020-05-29,-0.671
2020-06-01,-0.677
2020-06-02,-0.683
2020-06-03,-0.696
2020-06-04,-0.707
2020-06-05,-0.708
2020-06-08,-0.706
2020-06-09,-0.7
2020-06-10,-0.701
2020-06-11,-0.696
2020-06-12,-0.699
2020-06-15,-0.712
2020-06-16,-0.657
2020-06-17,-0.673
2020-06-18,-0.688
2020-06-19,-0.689
2020-06-22,-0.694
2020-06-23,-0.692
2020-06-24,-0.697
2020-06-25,-0.698
2020-06-26,-0.705
2020-06-29,-0.716
2020-06-30,-0.719
2020-07-01,-0.726
2020-07-02,-0.718
2020-07-03,-0.716
2020-07-06,-0.648
2020-07-07,-0.643
2020-07-08,-0.639
2020-07-09,-0.639
2020-07-10,-0.613
2020-07-13,-0.595
2020-07-14,-0.587
2020-07-15,-0.585
2020-07-16,-0.58
2020-07-17,-0.584
2020-07-20,-0.586
2020-07-21,-0.58
2020-07-22,-0.57
2020-07-23,-0.569
2020-07-24,-0.574
2020-07-27,-0.578
2020-07-28,-0.587
2020-07-29,-0.59
2020-07-30,-0.594
2020-07-31,-0.596
2020-08-03,-0.592
2020-08-04,-0.6
2020-08-05,-0.598
2020-08-06,-0.598
2020-08-07,-0.597
2020-08-10,-0.603
2020-08-11,-0.451
2020-08-12,-0.464
2020-08-13,-0.363
2020-08-14,-0.368
2020-08-17,-0.374
2020-08-18,-0.384
2020-08-19,-0.382
2020-08-20,-0.385
2020-08-21,-0.394
2020-08-24,-0.41
2020-08-25,-0.415
2020-08-26,-0.416
2020-08-27,-0.418
2020-08-28,-0.425
2020-08-31,-0.438
2020-09-01,-0.437
2020-09-02,-0.448
2020-09-03,-0.447
2020-09-04,-0.458
2020-09-07,-0.468
2020-09-08,-0.475
2020-09-09,-0.485
2020-09-10,-0.496
2020-09-11,-0.503
2020-09-14,-0.507
2020-09-15,-0.517
2020-09-16,-0.523
2020-09-17,-0.529
2020-09-18,-0.528
2020-09-21,-0.53
2020-09-22,-0.534
2020-09-23,-0.544
2020-09-24,-0.545
2020-09-25,-0.544
2020-09-28,-0.543
2020-09-29,-0.541
2020-09-30,-0.536
2020-10-01,-0.532
2020-10-02,-0.532
2020-10-05,-0.539
2020-10-06,-0.529
2020-10-07,-0.521
2020-10-08,-0.517
2020-10-09,-0.509
2020-10-12,-0.51
2020-10-13,-0.504
2020-10-14,-0.509
2020-10-15,-0.507
2020-10-16,-0.511
2020-10-19,-0.511
2020-10-20,-0.514
2020-10-21,-0.522
2020-10-22,-0.519
2020-10-23,-0.523
2020-10-26,-0.531
2020-10-27,-0.527
2020-10-28,-0.529
2020-10-29,-0.53
2020-10-30,-0.536
2020-11-02,-0.536
2020-11-03,-0.527
2020-11-04,-0.54
2020-11-05,-0.545
2020-11-06,-0.551
2020-11-09,-0.558
2020-11-10,-0.565
2020-11-11,-0.566
2020-11-12,-0.564
2020-11-13,-0.55
2020-11-16,-0.544
2020-11-17,-0.548
2020-11-18,-0.562
2020-11-19,-0.575
2020-11-20,-0.584
2020-11-23,-0.581
2020-11-24,-0.572
2020-11-25,-0.574
2020-11-26,-0.578
2020-11-27,-0.591
2020-11-30,-0.587
2020-12-01,-0.329
2020-12-02,-0.351
2020-12-03,-0.361
2020-12-04,-0.365
2020-12-07,-0.37
2020-12-08,-0.365
2020-12-09,-0.384
2020-12-10,-0.391
2020-12-11,-0.403
2020-12-14,-0.413
2020-12-15,-0.417
2020-12-16,-0.425
2020-12-17,-0.44
2020-12-18,-0.459
2020-12-21,-0.46
2020-12-22,-0.495
2020-12-23,-0.541
2020-12-24,-0.579
2020-12-25,-0.597
2020-12-28,-0.62
2020-12-29,-0.63
2020-12-30,-0.639
2020-12-31,-0.648
2021-01-01,-0.645
2021-01-04,-0.645
2021-01-05,-0.642
2021-01-06,-0.636
2021-01-07,-0.642
2021-01-08,-0.646
2021-01-11,-0.642
2021-01-12,-0.676
2021-01-13,-0.705
2021-01-14,-0.728
2021-01-15,-0.752
2021-01-18,-0.76
2021-01-19,-0.779
2021-01-20,-0.78
2021-01-21,-0.784
2021-01-22,-0.775
2021-01-25,-0.78
2021-01-26,-0.79
2021-01-27,-0.778
2021-01-28,-0.775
2021-01-29,-0.784
2021-02-01,-0.782
2021-02-02,-0.778
2021-02-03,-0.785
2021-02-04,-0.791
2021-02-05,-0.784
2021-02-08,-0.778
2021-02-09,-0.77
2021-02-10,-0.775
2021-02-11,-0.78
2021-02-12,-0.782
2021-02-15,-0.786
2021-02-16,-0.798
2021-02-17,-0.816
2021-02-18,-0.826
2021-02-19,-0.837
2021-02-22,-0.847
2021-02-23,-0.844
2021-02-24,-0.842
2021-02-25,-0.839
2021-02-26,-0.831
2021-03-01,-0.829
2021-03-02,-0.835
2021-03-03,-0.819
2021-03-04,-0.816
2021-03-05,-0.826
2021-03-08,-0.838
2021-03-09,-0.836
2021-03-10,-0.839
2021-03-11,-0.852
2021-03-12,-0.854
2021-03-15,-0.856
2021-03-16,-0.853
2021-03-17,-0.844
2021-03-18,-0.845
2021-03-19,-0.845
2021-03-22,-0.856
2021-03-23,-0.863
2021-03-24,-0.87
2021-03-25,-0.87
2021-03-26,-0.876
2021-03-29,-0.897
2021-03-30,-0.908
2021-03-31,-0.91
2021-04-01,-0.914
2021-04-02,-0.908
2021-04-05,-0.892
2021-04-06,-0.887
2021-04-07,-0.884
2021-04-08,-0.871
2021-04-09,-0.869
2021-04-12,-0.864
2021-04-13,-0.862
2021-04-14,-0.854
2021-04-15,-0.842
2021-04-16,-0.827
2021-04-19,-0.826
2021-04-20,-0.82
2021-04-21,-0.812
2021-04-22,-0.799
2021-04-23,-0.8
2021-04-26,-0.793
2021-04-27,-0.804
2021-04-28,-0.8
2021-04-29,-0.813
2021-04-30,-0.819
2021-05-03,-0.824
2021-05-04,-0.821
2021-05-05,-0.822
2021-05-06,-0.822
2021-05-07,-0.831
2021-05-10,-0.826
2021-05-11,-0.829
2021-05-12,-0.821
2021-05-13,-0.81
2021-05-14,-0.805
2021-05-17,-0.795
2021-05-18,-0.788
2021-05-19,-0.78
2021-05-20,-0.777
2021-05-21,-0.774
2021-05-24,-0.782
2021-05-25,-0.789
2021-05-26,-0.805
2021-05-27,-0.813
2021-05-28,-0.826
2021-05-31,-0.825
2021-06-01,-0.827
2021-06-02,-0.836
2021-06-03,-0.839
2021-06-04,-0.839
2021-06-07,-0.837
2021-06-08,-0.832
2021-06-09,-0.832
2021-06-10,-0.822
2021-06-11,-0.829
2021-06-14,-0.82
2021-06-15,-0.815
2021-06-16,-0.816
2021-06-17,-0.823
2021-06-18,-0.833
2021-06-21,-0.843
2021-06-22,-0.855
2021-06-23,-0.863
2021-06-24,-0.879
2021-06-25,-0.884
2021-06-28,-0.875
2021-06-29,-0.868
2021-06-30,-0.859
2021-07-01,-0.852
2021-07-02,-0.843
2021-07-05,-0.849
2021-07-06,-0.743
2021-07-07,-0.749
2021-07-08,-0.761
2021-07-09,-0.77
2021-07-12,-0.782
2021-07-13,-0.779
2021-07-14,-0.795
2021-07-15,-0.801
2021-07-16,-0.809
2021-07-19,-0.81
2021-07-20,-0.814
2021-07-21,-0.815
2021-07-22,-0.808
2021-07-23,-0.809
2021-07-26,-0.814
2021-07-27,-0.825
2021-07-28,-0.828
2021-07-29,-0.834
2021-07-30,-0.833
2021-08-02,-0.835
2021-08-03,-0.833
2021-08-04,-0.627
2021-08-05,-0.655
2021-08-06,-0.675
2021-08-09,-0.695
2021-08-10,-0.714
2021-08-11,-0.721
2021-08-12,-0.732
2021-08-13,-0.742
2021-08-16,-0.738
2021-08-17,-0.738
2021-08-18,-0.754
2021-08-19,-0.746
2021-08-20,-0.754
2021-08-23,-0.758
2021-08-24,-0.762
2021-08-25,-0.777
2021-08-26,-0.785
2021-08-27,-0.794
2021-08-30,-0.794
2021-08-31,-0.793
2021-09-01,-0.792
2021-09-02,-0.799
2021-09-03,-0.794
2021-09-06,-0.793
2021-09-07,-0.799
2021-09-08,-0.804
2021-09-09,-0.804
2021-09-10,-0.797
2021-09-13,-0.798
2021-09-14,-0.81
2021-09-15,-0.81
2021-09-16,-0.81
2021-09-17,-0.812
2021-09-20,-0.81
2021-09-21,-0.822
2021-09-22,-0.838
2021-09-23,-0.832
2021-09-24,-0.832
2021-09-27,-0.823
2021-09-28,-0.829
2021-09-29,-0.827
2021-09-30,-0.817
2021-10-01,-0.821
2021-10-04,-0.815
2021-10-05,-0.822
2021-10-06,-0.818
2021-10-07,-0.825
2021-10-08,-0.831
2021-10-11,-0.83
2021-10-12,-0.845
2021-10-13,-0.847
2021-10-14,-0.852
2021-10-15,-0.854
2021-10-18,-0.856
2021-10-19,-0.861
2021-10-20,-0.857
2021-10-21,-0.857
2021-10-22,-0.85
2021-10-25,-0.848
2021-10-26,-0.84
2021-10-27,-0.839
2021-10-28,-0.83
2021-10-29,-0.838
2021-11-01,-0.847
2021-11-02,-0.859
2021-11-03,-0.863
2021-11-04,-0.859
2021-11-05,-0.864
2021-11-08,-0.864
2021-11-09,-0.873
2021-11-10,-0.873
2021-11-11,-0.861
2021-11-12,-0.854
2021-11-15,-0.853
2021-11-16,-0.846
2021-11-17,-0.834
2021-11-18,-0.833
2021-11-19,-0.836
2021-11-22,-0.847
2021-11-23,-0.86
2021-11-24,-0.867
2021-11-25,-0.863
2021-11-26,-0.866
2021-11-29,-0.88
2021-11-30,-0.874
2021-12-01,-0.885
2021-12-02,-0.88
2021-12-03,-0.879
2021-12-06,-0.884
2021-12-07,-0.884
2021-12-08,-0.883
2021-12-09,-0.877
2021-12-10,-0.872
2021-12-13,-0.872
2021-12-14,-0.879
2021-12-15,-0.883
2021-12-16,-0.876
2021-12-17,-0.869
2021-12-20,-0.864
2021-12-21,-0.855
2021-12-22,-0.85
2021-12-23,-0.846
2021-12-24,-0.848
2021-12-27,-0.852
2021-12-28,-0.848
2021-12-29,-0.848
2021-12-30,-0.859
2021-12-31,-0.857
2022-01-03,-0.851
2022-01-04,-0.85
2022-01-05,-0.858
2022-01-06,-0.861
2022-01-07,-0.863
2022-01-10,-0.872
2022-01-11,-0.88
2022-01-12,-0.883
2022-01-13,-0.884
2022-01-14,-0.871
2022-01-17,-0.869
2022-01-18,-0.864
2022-01-19,-0.858
2022-01-20,-0.853
2022-01-21,-0.849
2022-01-24,-0.848
2022-01-25,-0.845
2022-01-26,-0.84
2022-01-27,-0.845
2022-01-28,-0.854
2022-01-31,-0.855
2022-02-01,-0.859
2022-02-02,-0.851
2022-02-03,-0.845
2022-02-04,-0.843
2022-02-07,-0.841
2022-02-08,-0.844
2022-02-09,-0.834
2022-02-10,-0.829
2022-02-11,-0.836
2022-02-14,-0.83
2022-02-15,-0.822
2022-02-16,-0.82
2022-02-17,-0.812
2022-02-18,-0.78
2022-02-21,-0.76
2022-02-22,-0.754
2022-02-23,-0.76
2022-02-24,-0.757
2022-02-25,-0.76
2022-02-28,-0.758
2022-03-01,-0.758
2022-03-02,-0.73
2022-03-03,-0.699
2022-03-04,-0.679
2022-03-07,-0.659
2022-03-08,-0.643
2022-03-09,-0.649
2022-03-10,-0.657
2022-03-11,-0.66
2022-03-14,-0.659
2022-03-15,-0.662
2022-03-16,-0.65
2022-03-17,-0.644
2022-03-18,-0.632
2022-03-21,-0.614
2022-03-22,-0.614
2022-03-23,-0.609
2022-03-24,-0.594
2022-03-25,-0.591
2022-03-28,-0.591
2022-03-29,-0.595
2022-03-30,-0.588
2022-03-31,-0.587
2022-04-01,-0.585
2022-04-04,-0.583
2022-04-05,-0.574
2022-04-06,-0.565
2022-04-07,-0.563
2022-04-08,-0.567
2022-04-11,-0.555
2022-04-12,-0.554
2022-04-13,-0.547
2022-04-14,-0.538
2022-04-15,-0.543
2022-04-18,-0.547
2022-04-19,-0.562
2022-04-20,-0.561
2022-04-21,-0.569
2022-04-22,-0.566
2022-04-25,-0.563
2022-04-26,-0.569
2022-04-27,-0.571
2022-04-28,-0.565
2022-04-29,-0.56
2022-05-02,-0.556
2022-05-03,-0.55
2022-05-04,-0.542
2022-05-05,-0.536
2022-05-06,-0.541
2022-05-09,-0.532
2022-05-10,-0.526
2022-05-11,-0.529
2022-05-12,-0.518
2022-05-13,-0.506
2022-05-16,-0.53
2022-05-17,-0.547
2022-05-18,-0.562
2022-05-19,-0.568
2022-05-20,-0.558
2022-05-23,-0.561
2022-05-24,-0.553
2022-05-25,-0.564
2022-05-26,-0.568
2022-05-27,-0.57
2022-05-30,-0.574
2022-05-31,-0.57
2022-06-01,-0.567
2022-06-02,-0.57
2022-06-03,-0.56
2022-06-06,-0.541
2022-06-07,-0.525
2022-06-08,-0.509
2022-06-09,-0.49
2022-06-10,-0.485
2022-06-13,-0.476
2022-06-14,-0.451
2022-06-15,-0.433
2022-06-16,-0.409
2022-06-17,-0.393
2022-06-20,-0.364
2022-06-21,-0.335
2022-06-22,-0.312
2022-06-23,-0.275
2022-06-24,-0.244
2022-06-27,-0.223
2022-06-28,-0.2
2022-06-29,-0.191
2022-06-30,-0.159
2022-07-01,-0.149
2022-07-04,-0.115
2022-07-05,-0.095
2022-07-06,-0.08
2022-07-07,-0.062
2022-07-08,-0.051
2022-07-11,-0.05
2022-07-12,-0.054
2022-07-13,-0.067
2022-07-14,-0.073
2022-07-15,-0.068
2022-07-18,-0.055
2022-07-19,-0.046
2022-07-20,-0.03
2022-07-21,-0.021
2022-07-22,-0.021
2022-07-25,-0.005
2022-07-26,0.011
2022-07-27,0.028
2022-07-28,0.026
2022-07-29,0.033
2022-08-01,0.041
2022-08-02,0.047
2022-08-03,0.068
2022-08-04,0.081
2022-08-05,0.101
2022-08-08,0.127
2022-08-09,0.151
2022-08-10,0.173
2022-08-11,0.196
2022-08-12,0.214
2022-08-15,0.242
2022-08-16,0.276
2022-08-17,0.307
2022-08-18,0.327
2022-08-19,0.348
2022-08-22,0.373
2022-08-23,0.401
2022-08-24,0.431
2022-08-25,0.448
2022-08-26,0.466
2022-08-29,0.488
2022-08-30,0.51
2022-08-31,0.536
2022-09-01,0.557
2022-09-02,0.563
2022-09-05,0.582
2022-09-06,0.59
2022-09-07,0.594
2022-09-08,0.607
2022-09-09,0.625
2022-09-12,0.657
2022-09-13,0.675
2022-09-14,0.687
2022-09-15,0.696
2022-09-16,0.703
2022-09-19,0.721
2022-09-20,0.728
2022-09-21,0.731
2022-09-22,0.749
2022-09-23,0.759
2022-09-26,0.771
2022-09-27,0.788
2022-09-28,0.95
2022-09-29,0.952
2022-09-30,0.943
2022-10-03,0.944
2022-10-04,0.948
2022-10-05,0.953
2022-10-06,0.963
2022-10-07,0.959
2022-10-10,0.971
2022-10-11,0.972
2022-10-12,0.977
2022-10-13,0.979
2022-10-14,0.979
2022-10-17,0.992
2022-10-18,1.01
2022-10-19,1.028
2022-10-20,1.038
2022-10-21,1.038
2022-10-24,1.056
2022-10-25,1.065
2022-10-26,1.079
2022-10-27,1.096
2022-10-28,1.111
2022-10-31,1.147
2022-11-01,1.167
2022-11-02,1.184
2022-11-03,1.206
2022-11-04,1.216
2022-11-07,1.247
2022-11-08,1.267
2022-11-09,1.288
2022-11-10,1.301
2022-11-11,1.315
2022-11-14,1.328
2022-11-15,1.342
2022-11-16,1.353
2022-11-17,1.35
2022-11-18,1.362
2022-11-21,1.374
2022-11-22,1.388
2022-11-23,1.402
2022-11-24,1.418
2022-11-25,1.435
2022-11-28,1.451
2022-11-29,1.599
2022-11-30,1.614
2022-12-01,1.626
2022-12-02,1.64
2022-12-05,1.655
2022-12-06,1.663
2022-12-07,1.671
2022-12-08,1.685
2022-12-09,1.818
2022-12-12,1.815
2022-12-13,1.809
2022-12-14,1.802
2022-12-15,1.8
2022-12-16,1.798
2022-12-19,1.808
2022-12-20,1.813
2022-12-21,1.823
2022-12-22,1.831
2022-12-23,1.832
2022-12-26,1.841
2022-12-27,1.85
2022-12-28,1.861
2022-12-29,1.887
2022-12-30,1.908
2023-01-02,1.915
2023-01-03,1.927
2023-01-04,1.931
2023-01-05,1.934
2023-01-06,1.942
2023-01-09,1.951
2023-01-10,1.962
2023-01-11,1.969
2023-01-12,1.975
2023-01-13,1.98
2023-01-16,1.984
2023-01-17,1.985
2023-01-18,1.999
2023-01-19,2.007
2023-01-20,2.005
2023-01-23,2.023
2023-01-24,2.023
2023-01-25,2.029
2023-01-26,2.045
2023-01-27,2.055
2023-01-30,2.071
2023-01-31,2.069
2023-02-01,2.081
2023-02-02,2.092
2023-02-03,2.112
2023-02-06,2.139
2023-02-07,2.163
2023-02-08,2.188
2023-02-09,2.203
2023-02-10,2.221
2023-02-13,2.236
2023-02-14,2.246
2023-02-15,2.251
2023-02-16,2.244
2023-02-17,2.244
2023-02-20,2.254
2023-02-21,2.268
2023-02-22,2.276
2023-02-23,2.291
2023-02-24,2.304
2023-02-27,2.319
2023-02-28,2.342
2023-03-01,2.354
2023-03-02,2.372
2023-03-03,2.38
2023-03-06,2.395
2023-03-07,2.404
2023-03-08,2.407
2023-03-09,2.408
2023-03-10,2.417
2023-03-13,2.666
2023-03-14,2.599
2023-03-15,2.541
2023-03-16,2.502
2023-03-17,2.476
2023-03-20,2.461
2023-03-21,2.444
2023-03-22,2.416
2023-03-23,2.402
2023-03-24,2.388
2023-03-27,2.38
2023-03-28,2.374
2023-03-29,2.373
2023-03-30,2.37
2023-03-31,2.362
2023-04-03,2.357
2023-04-04,2.35
2023-04-05,2.677
2023-04-06,2.635
2023-04-07,2.616
2023-04-10,2.602
2023-04-11,2.583
2023-04-12,2.568
2023-04-13,2.568
2023-04-14,2.565
2023-04-17,2.568
2023-04-18,2.575
2023-04-19,2.579
2023-04-20,2.582
2023-04-21,2.588
2023-04-24,2.604
2023-04-25,2.61
2023-04-26,2.614
2023-04-27,2.612
2023-04-28,2.609
2023-05-01,2.618
2023-05-02,2.633
2023-05-03,2.634
2023-05-04,2.636
2023-05-05,2.639
2023-05-08,2.645
2023-05-09,2.657
2023-05-10,2.665
2023-05-11,2.673
2023-05-12,2.672
2023-05-15,2.674
2023-05-16,2.684
2023-05-17,2.684
2023-05-18,2.691
2023-05-19,2.719
2023-05-22,2.739
2023-05-23,2.759
2023-05-24,2.771
2023-05-25,2.775
2023-05-26,2.771
2023-05-29,2.775
2023-05-30,2.785
2023-05-31,2.797
2023-06-01,2.797
2023-06-02,2.809
2023-06-05,2.813
2023-06-06,2.82
2023-06-07,2.828
2023-06-08,2.832
2023-06-09,2.842
2023-06-12,2.854
2023-06-13,2.863
2023-06-14,2.87
2023-06-15,3.109
2023-06-16,3.099
2023-06-19,3.097
2023-06-20,3.1
2023-06-21,3.093
2023-06-22,3.091
2023-06-23,3.101
2023-06-26,3.104
2023-06-27,3.107
2023-06-28,3.119
2023-06-29,3.139
2023-06-30,3.151
2023-07-03,3.164
2023-07-04,3.177
2023-07-05,3.185
2023-07-06,3.189
2023-07-07,3.192
2023-07-10,3.187
2023-07-11,3.192
2023-07-12,3.203
2023-07-13,3.215
2023-07-14,3.225
2023-07-17,3.241
2023-07-18,3.258
2023-07-19,3.263
2023-07-20,3.263
2023-07-21,3.262
2023-07-24,3.262
2023-07-25,3.266
2023-07-26,3.273
2023-07-27,3.799
2023-07-28,3.759
2023-07-31,3.715
2023-08-01,3.671
2023-08-02,3.619
2023-08-03,3.576
2023-08-04,3.545
2023-08-07,3.52
2023-08-08,3.497
2023-08-09,3.479
2023-08-10,3.456
2023-08-11,3.452
2023-08-14,3.445
2023-08-15,3.434
2023-08-16,3.42
2023-08-17,3.417
2023-08-18,3.41
2023-08-21,3.414
2023-08-22,3.418
2023-08-23,3.418
2023-08-24,3.418
2023-08-25,3.423
2023-08-28,3.419
2023-08-29,3.413
2023-08-30,3.41
2023-08-31,3.416
2023-09-01,3.415
2023-09-04,3.454
2023-09-05,3.477
2023-09-06,3.493
2023-09-07,3.507
2023-09-08,3.519
2023-09-11,3.531
2023-09-12,3.532
2023-09-13,3.532
2023-09-14,3.527
2023-09-15,3.529
2023-09-18,3.547
2023-09-19,3.569
2023-09-20,3.582
2023-09-21,3.599
2023-09-22,3.608
2023-09-25,3.621
2023-09-26,3.625
2023-09-27,3.632
2023-09-28,3.69
2023-09-29,3.698
2023-10-02,3.707
2023-10-03,3.712
2023-10-04,3.712
2023-10-05,3.711
2023-10-06,3.71
2023-10-09,3.701
2023-10-10,3.698
2023-10-11,3.693
2023-10-12,3.689
2023-10-13,3.703
2023-10-16,3.713
2023-10-17,3.718
2023-10-18,3.724
2023-10-19,3.729
2023-10-20,3.727
2023-10-23,3.712
2023-10-24,3.713
2023-10-25,3.717
2023-10-26,3.716
2023-10-27,3.718
2023-10-30,3.715
2023-10-31,3.708
2023-11-01,3.704
2023-11-02,3.697
2023-11-03,3.818
2023-11-06,3.8
2023-11-07,3.783
2023-11-08,3.767
2023-11-09,3.909
2023-11-10,3.881
2023-11-13,3.86
2023-11-14,3.845
2023-11-15,3.838
2023-11-16,3.819
2023-11-17,3.817
2023-11-20,3.812
2023-11-21,3.808
2023-11-22,3.803
2023-11-23,3.8
2023-11-24,3.788
2023-11-27,3.784
2023-11-28,3.771
2023-11-29,3.769
2023-11-30,3.755
2023-12-01,3.757
2023-12-04,3.74
2023-12-05,3.734
2023-12-06,3.73
2023-12-07,3.723
2023-12-08,3.725
2023-12-11,3.729
2023-12-12,3.727
2023-12-13,3.734
2023-12-14,3.741
2023-12-15,3.745
2023-12-18,3.749
2023-12-19,3.757
2023-12-20,3.755
2023-12-21,3.754
2023-12-22,3.744
2023-12-25,3.736
2023-12-26,3.721
2023-12-27,3.706
2023-12-28,3.695
2023-12-29,3.693
2024-01-01,3.694
2024-01-02,3.707
2024-01-03,3.714
2024-01-04,3.706
2024-01-05,3.705
2024-01-08,3.699
2024-01-09,3.7
2024-01-10,3.701
2024-01-11,3.701
2024-01-12,3.701
2024-01-15,3.694
2024-01-16,3.699
2024-01-17,3.697
2024-01-18,3.7
2024-01-19,3.714
2024-01-22,3.726
2024-01-23,3.742
2024-01-24,3.748
2024-01-25,3.753
2024-01-26,3.754
2024-01-29,3.758
2024-01-30,3.756
2024-01-31,3.76
2024-02-01,3.767
2024-02-02,3.767
2024-02-05,3.766
2024-02-06,3.776
2024-02-07,3.773
2024-02-08,3.778
2024-02-09,3.778
2024-02-12,3.792
2024-02-13,3.811
2024-02-14,3.826
2024-02-15,3.83
2024-02-16,3.829
2024-02-19,3.828
2024-02-20,3.827
2024-02-21,3.823
2024-02-22,3.825
2024-02-23,3.827
2024-02-26,3.826
2024-02-27,3.835
2024-02-28,3.842
2024-02-29,3.835
2024-03-01,3.836
2024-03-04,3.852
2024-03-05,3.847
2024-03-06,3.842
2024-03-07,3.833
2024-03-08,3.824
2024-03-11,3.811
2024-03-12,3.818
2024-03-13,3.822
2024-03-14,3.831
2024-03-15,3.837
2024-03-18,3.837
2024-03-19,3.834
2024-03-20,3.829
2024-03-21,3.826
2024-03-22,3.823
2024-03-25,3.827
2024-03-26,3.834
2024-03-27,3.845
2024-03-28,3.848
2024-03-29,3.85
2024-04-01,3.889
2024-04-02,3.916
2024-04-03,3.936
2024-04-04,3.953
2024-04-05,3.965
2024-04-08,3.962
2024-04-09,3.958
2024-04-10,3.948
2024-04-11,3.945
2024-04-12,3.923
2024-04-15,3.916
2024-04-16,3.893
2024-04-17,3.882
2024-04-18,3.866
2024-04-19,3.855
2024-04-22,3.839
2024-04-23,3.82
2024-04-24,3.808
2024-04-25,3.808
2024-04-26,3.804
2024-04-29,3.805
2024-04-30,3.802
2024-05-01,3.798
2024-05-02,3.8
2024-05-03,3.8
2024-05-06,3.802
2024-05-07,3.798
2024-05-08,3.792
2024-05-09,3.788
2024-05-10,3.931
2024-05-13,3.924
2024-05-14,3.904
2024-05-15,3.874
2024-05-16,3.849
2024-05-17,3.826
2024-05-20,3.809
2024-05-21,3.787
2024-05-22,3.761
2024-05-23,3.741
2024-05-24,3.723
2024-05-27,3.709
2024-05-28,3.703
2024-05-29,3.697
2024-05-30,3.696
2024-05-31,3.697
2024-06-03,3.701
2024-06-04,3.69
2024-06-05,3.693
2024-06-06,3.685
2024-06-07,3.68
2024-06-10,3.665
2024-06-11,3.655
2024-06-12,3.642
2024-06-13,3.633
2024-06-14,3.64
2024-06-17,3.639
2024-06-18,3.635
2024-06-19,3.632
2024-06-20,3.626
2024-06-21,3.634
2024-06-24,3.643
2024-06-25,3.658
2024-06-26,3.66
2024-06-27,3.662
2024-06-28,3.653
2024-07-01,3.644
2024-07-02,3.629
2024-07-03,3.626
2024-07-04,3.617
2024-07-05,3.594
2024-07-08,3.591
2024-07-09,3.586
2024-07-10,3.586
2024-07-11,3.59
2024-07-12,3.593
2024-07-15,3.586
2024-07-16,3.576
2024-07-17,3.569
2024-07-18,3.556
2024-07-19,3.537
2024-07-22,3.532
2024-07-23,3.528
2024-07-24,3.528
2024-07-25,3.519
2024-07-26,3.509
2024-07-29,3.505
2024-07-30,3.485
2024-07-31,3.485
2024-08-01,3.478
2024-08-02,3.476
2024-08-05,3.58
2024-08-06,3.55
2024-08-07,3.514
2024-08-08,3.483
2024-08-09,3.454
2024-08-12,3.432
2024-08-13,3.42
2024-08-14,3.465
2024-08-15,3.441
2024-08-16,3.417
2024-08-19,3.385
2024-08-20,3.376
2024-08-21,3.357
2024-08-22,3.351
2024-08-23,3.343
2024-08-26,3.337
2024-08-27,3.329
2024-08-28,3.326
2024-08-29,3.314
2024-08-30,3.307
2024-09-02,3.302
2024-09-03,3.29
2024-09-04,3.285
2024-09-05,3.283
2024-09-06,3.279
2024-09-09,3.276
2024-09-10,3.284
2024-09-11,3.286
2024-09-12,3.278
2024-09-13,3.274
2024-09-16,3.258
2024-09-17,3.239
2024-09-18,3.223
2024-09-19,3.21
2024-09-20,3.204
2024-09-23,3.197
2024-09-24,3.209
2024-09-25,3.215
2024-09-26,3.224
2024-09-27,3.228
2024-09-30,3.235
2024-10-01,3.238
2024-10-02,3.293
2024-10-03,3.286
2024-10-04,3.278
2024-10-07,3.265
2024-10-08,3.25
2024-10-09,3.251
2024-10-10,3.239
2024-10-11,3.195
2024-10-14,3.158
2024-10-15,3.135
2024-10-16,3.115
2024-10-17,3.109
2024-10-18,3.097
2024-10-21,3.086
2024-10-22,3.081
2024-10-23,3.081
2024-10-24,3.068
2024-10-25,3.061
2024-10-28,3.032
2024-10-29,3.016
2024-10-30,3.135
2024-10-31,3.119
2024-11-01,3.091
2024-11-04,3.079
2024-11-05,3.065
2024-11-06,3.056
2024-11-07,3.047
2024-11-08,3.031
2024-11-11,3.018
2024-11-12,3.006
2024-11-13,2.988
2024-11-14,2.985
2024-11-15,2.964
2024-11-18,2.945
2024-11-19,2.932
2024-11-20,2.907
2024-11-21,2.9
2024-11-22,2.89
2024-11-25,2.884
2024-11-26,2.881
2024-11-27,2.877
2024-11-28,2.874
2024-11-29,2.87
2024-12-02,2.857
2024-12-03,2.847
2024-12-04,2.847
2024-12-05,2.846
2024-12-06,2.843
2024-12-09,2.838
2024-12-10,2.83
2024-12-11,2.82
2024-12-12,2.819
2024-12-13,2.811
2024-12-16,2.793
2024-12-17,2.792
2024-12-18,2.78
2024-12-19,2.764
2024-12-20,2.751
2024-12-23,2.741
2024-12-24,2.732
2024-12-25,2.712
2024-12-26,2.705
2024-12-27,2.708
2024-12-30,2.711
2024-12-31,2.714
2025-01-01,2.723
2025-01-02,2.731
2025-01-03,2.749
2025-01-06,2.749
2025-01-07,2.745
2025-01-08,2.733
2025-01-09,2.718
2025-01-10,2.708
2025-01-13,2.703
2025-01-14,2.7
2025-01-15,2.698
2025-01-16,2.703
2025-01-17,2.694
2025-01-20,2.667
2025-01-21,2.651
2025-01-22,2.641
2025-01-23,2.676
2025-01-24,2.664
2025-01-27,2.644
2025-01-28,2.626
2025-01-29,2.615
2025-01-30,2.609
2025-01-31,2.596
2025-02-03,2.585
2025-02-04,2.572
2025-02-05,2.553
2025-02-06,2.533
2025-02-07,2.524
2025-02-10,2.51
2025-02-11,2.502
2025-02-12,2.486
2025-02-13,2.484
2025-02-14,2.474
2025-02-17,2.468
2025-02-18,2.48
2025-02-19,2.486
2025-02-20,2.479
2025-02-21,2.467
2025-02-24,2.458
2025-02-25,2.45
2025-02-26,2.444
2025-02-27,2.434
2025-02-28,2.446
2025-03-03,2.444
2025-03-04,2.435
2025-03-05,2.438
2025-03-06,2.429
2025-03-07,2.429
2025-03-10,2.426
2025-03-11,2.422
2025-03-12,2.425
2025-03-13,2.412
2025-03-14,2.401
2025-03-17,2.384
2025-03-18,2.367
2025-03-19,2.359
2025-03-20,2.354
2025-03-21,2.558
2025-03-24,2.529
2025-03-25,2.51
2025-03-26,2.485
2025-03-27,2.47
2025-03-28,2.446
2025-03-31,2.429
2025-04-01,2.401
2025-04-02,2.377
2025-04-03,2.357
2025-04-04,2.348
2025-04-07,2.472
2025-04-08,2.431
2025-04-09,2.391
2025-04-10,2.356
2025-04-11,2.331
2025-04-14,2.312
2025-04-15,2.295
2025-04-16,2.288
2025-04-17,2.27
2025-04-18,2.262
2025-04-21,2.247
2025-04-22,2.248
2025-04-23,2.246
2025-04-24,2.241
2025-04-25,2.241
2025-04-28,2.237
2025-04-29,2.229
2025-04-30,2.211
2025-05-01,2.206
2025-05-02,2.197
2025-05-05,2.17
2025-05-06,2.163
2025-05-07,2.151
2025-05-08,2.147
2025-05-09,2.14
2025-05-12,2.135
2025-05-13,2.13
2025-05-14,2.138
2025-05-15,2.124
2025-05-16,2.121
2025-05-19,2.115
2025-05-20,2.113
2025-05-21,2.103
2025-05-22,2.097
2025-05-23,2.088
2025-05-26,2.083
2025-05-27,2.088
2025-05-28,2.077
2025-05-29,2.062
2025-05-30,2.059
2025-06-02,2.048
2025-06-03,2.037
2025-06-04,2.041
2025-06-05,2.045
2025-06-06,2.04
2025-06-09,2.031
2025-06-10,2.017
2025-06-11,2.005
2025-06-12,1.999
2025-06-13,1.995
2025-06-16,1.975
2025-06-17,1.955
2025-06-18,1.948
2025-06-19,1.936
2025-06-20,1.926
2025-06-23,1.92
2025-06-24,1.918
2025-06-25,1.92
2025-06-26,1.927
2025-06-27,1.936
2025-06-30,1.939
2025-07-01,1.944
2025-07-02,1.953
2025-07-03,1.954
2025-07-04,1.963
2025-07-07,1.969
2025-07-08,1.971
2025-07-09,1.964
2025-07-10,1.967
2025-07-11,1.958
2025-07-14,1.96
2025-07-15,1.945
2025-07-16,1.937
2025-07-17,1.934
2025-07-18,1.933
2025-07-21,1.938
2025-07-22,1.946
2025-07-23,1.955
2025-07-24,1.955
2025-07-25,1.959
2025-07-28,1.958
2025-07-29,1.955
2025-07-30,1.955
2025-07-31,1.957
2025-08-01,1.951
2025-08-04,1.951
2025-08-05,1.939
2025-08-06,1.932
2025-08-07,1.93
2025-08-08,1.938
2025-08-11,1.948
2025-08-12,1.962
2025-08-13,1.967
2025-08-14,1.989
2025-08-15,2.152
2025-08-18,2.165
2025-08-19,2.17
2025-08-20,2.182
2025-08-21,2.178
2025-08-22,2.168
2025-08-25,2.155
2025-08-26,2.139
2025-08-27,2.127
2025-08-28,2.125
2025-08-29,2.134
2025-09-01,2.138
2025-09-02,2.144
2025-09-03,2.135
2025-09-04,2.131
2025-09-05,2.117
2025-09-08,2.109
2025-09-09,2.086
2025-09-10,2.061
2025-09-11,2.039
2025-09-12,2.042
2025-09-15,2.033
2025-09-16,2.01
2025-09-17,1.987
2025-09-18,1.967
2025-09-19,1.953
2025-09-22,1.949
2025-09-23,1.947
2025-09-24,1.939
2025-09-25,1.934
2025-09-26,1.933
2025-09-29,1.93
2025-09-30,1.918
2025-10-01,1.913
2025-10-02,1.919
2025-10-03,1.931
2025-10-06,1.922
2025-10-07,1.918
2025-10-08,1.919
2025-10-09,1.939
2025-10-10,1.943
2025-10-13,1.956
2025-10-14,1.967
2025-10-15,1.98
2025-10-16,1.981
2025-10-17,1.979
2025-10-20,1.982
2025-10-21,1.985
2025-10-22,1.988
2025-10-23,1.996
2025-10-24,1.998
2025-10-27,2.003
2025-10-28,2.01
2025-10-29,2.01
2025-10-30,1.991
2025-10-31,1.977
2025-11-03,1.976
2025-11-04,1.968
2025-11-05,1.968
2025-11-06,1.962
2025-11-07,1.966
2025-11-10,1.967
2025-11-11,1.973
2025-11-12,1.978
2025-11-13,1.988
2025-11-14,2.0
2025-11-17,1.994
2025-11-18,1.982
2025-11-19,1.969
2025-11-20,1.958
2025-11-21,1.942
2025-11-24,1.932
2025-11-25,1.928
2025-11-26,1.935
2025-11-27,1.94
2025-11-28,1.939
2025-12-01,1.934
2025-12-02,1.972
2025-12-03,1.964
2025-12-04,1.949
2025-12-05,1.931
2025-12-08,1.916
2025-12-09,1.901
2025-12-10,1.89
2025-12-11,1.885
2025-12-12,1.883
2025-12-15,1.882
2025-12-16,1.881
2025-12-17,1.882
2025-12-18,1.878
2025-12-19,1.879
2025-12-22,1.883
2025-12-23,1.878
2025-12-24,1.872
2025-12-25,1.872
2025-12-26,1.873
2025-12-29,1.873
2025-12-30,1.865
2025-12-31,1.859
2026-01-01,1.854
2026-01-02,1.84
2026-01-05,1.84
2026-01-06,1.84
2026-01-07,1.835
2026-01-08,1.826
2026-01-09,1.823
2026-01-12,1.827
2026-01-13,1.834
2026-01-14,1.842
2026-01-15,1.847
2026-01-16,1.844
2026-01-19,1.847
2026-01-20,1.849
2026-01-21,1.858
2026-01-22,1.865
2026-01-23,1.852
2026-01-26,1.847
2026-01-27,1.846
2026-01-28,1.842
2026-01-29,1.839
2026-01-30,1.83
2026-02-02,1.827
2026-02-03,1.817
2026-02-04,1.815
2026-02-05,1.813
2026-02-06,1.819
2026-02-09,1.817
2026-02-10,1.815
2026-02-11,1.803
2026-02-12,1.802
2026-02-13,1.804
2026-02-16,1.817
2026-02-17,1.811
2026-02-18,1.819
2026-02-19,1.832
2026-02-20,2.049
2026-02-23,2.031
2026-02-24,2.031
2026-02-25,2.034
2026-02-26,2.035
2026-02-27,2.033
2026-03-02,2.033
2026-03-03,2.023
2026-03-04,2.015
2026-03-05,1.998
2026-03-06,1.988
2026-03-09,1.975
2026-03-10,1.979
2026-03-11,1.976
2026-03-12,1.969
2026-03-13,1.971
2026-03-16,1.965
2026-03-17,1.951
2026-03-18,1.942
2026-03-19,1.933
2026-03-20,1.923
2026-03-23,1.917
2026-03-24,1.914
2026-03-25,1.909
2026-03-26,1.907
2026-03-27,1.9
2026-03-30,1.898
2026-03-31,1.897
2026-04-01,1.893
2026-04-02,1.897
2026-04-03,1.899
2026-04-06,1.908
2026-04-07,1.915
2026-04-08,1.922
2026-04-09,1.925
2026-04-10,1.925
2026-04-13,1.915
2026-04-14,1.901
2026-04-15,1.892
2026-04-16,1.887
2026-04-17,1.878
2026-04-20,1.884
2026-04-21,1.887
2026-04-22,1.891
2026-04-23,1.892
2026-04-24,1.897
2026-04-27,1.897
2026-04-28,1.901
2026-04-29,1.903
2026-04-30,1.908
2026-05-01,1.911
2026-05-04,1.919
2026-05-05,1.913
2026-05-06,1.913
2026-05-07,1.912
2026-05-08,1.905
2026-05-11,1.904
2026-05-12,1.898
2026-05-13,1.965
2026-05-14,1.95
2026-05-15,1.937
2026-05-18,1.917
2026-05-19,1.915
2026-05-20,1.917
2026-05-21,1.921
2026-05-22,1.907
2026-05-25,1.898
2026-05-26,1.892
2026-05-27,1.871
2026-05-28,1.866
2026-05-29,1.859
2026-06-01,1.855
2026-06-02,1.86
2026-06-03,1.856
2026-06-04,1.852
2026-06-05,1.843
2026-06-08,1.834
2026-06-09,1.826
2026-06-10,1.815
2026-06-11,1.81
2026-06-12,1.812
2026-06-15,1.814
2026-06-16,1.822
2026-06-17,1.838
2026-06-18,1.851
2026-06-19,1.871
2026-06-22,1.884
2026-06-23,1.895
2026-06-24,1.897
2026-06-25,1.898
2026-06-26,1.892
2026-06-29,1.878
2026-06-30,1.873
2026-07-01,1.87
2026-07-02,1.86
2026-07-03,1.857
2026-07-06,1.86
2026-07-07,1.855
2026-07-08,1.848
2026-07-09,1.84
2026-07-10,1.831
2026-07-13,1.819
2026-07-14,1.82
2026-07-15,1.827
2026-07-16,1.825
2026-07-17,1.817
2026-07-20,1.805
2026-07-21,1.807
2026-07-22,1.8
2026-07-23,1.8
2026-07-24,1.802
2026-07-27,1.796
2026-07-28,1.79
2026-07-29,1.784
2026-07-30,1.785
2026-07-31,1.791
